date,call_time,timing,ticker,day0_date,ret_1d,abn_1d,ret_3d,abn_3d,ret_5d,abn_5d,n_tokens,pos,neg,polarity,net_tone,neg_rate,pos_rate,uncertainty_rate,litigious_rate,modal_strong_rate,modal_weak_rate,constraining_rate
2022-11-30,2022-11-30T17:00:00-05:00,after_close,CRM,2022-11-30,-0.0826832622202065,-0.0839102481126916,-0.1642433280923972,-0.1447451279344519,-0.1857723093237135,-0.1420377558287692,10563,189,78,0.4157303370786517,0.010508378301618859,0.007384265833570008,0.017892644135188866,0.008046956357095522,0.00047335037394679544,0.004638833664678595,0.0040708132159424405,0.0017987314209978226
2022-12-12,2022-12-12T17:00:00-05:00,after_close,ORCL,2022-12-12,-0.0088582285097004,-0.0196082258836131,-0.0148866590729345,0.0155427980973339,-0.009596291273952,0.0435731114837897,7281,71,42,0.25663716814159293,0.003982969372338965,0.0057684384013185,0.009751407773657465,0.0038456256008790003,0.0010987501716797144,0.0057684384013185,0.002334844114819393,0.0009614064002197501
2023-01-24,2023-01-24T17:30:00-05:00,after_close,MSFT,2023-01-24,-0.0059081058320773,-0.0036890781698495,0.0252850507922621,-0.0020758943208825,0.0238389936414022,0.002165124440689,9140,107,94,0.06467661691542288,0.0014223194748358861,0.010284463894967177,0.011706783369803063,0.008424507658643327,0.0010940919037199124,0.004157549234135667,0.0018599562363238512,0.0009846827133479213
2023-01-25,2023-01-25T17:30:00-05:00,after_close,TSLA,2023-01-25,0.1096725915664733,0.0901750249025765,0.153915475411194,0.145087989238777,0.2560410777652078,0.210199515307631,9114,148,95,0.21810699588477367,0.005815229317533465,0.010423524248409042,0.016238753565942506,0.009655475093263111,0.0003291639236339697,0.0069124423963133645,0.003730524467851657,0.0009874917709019092
2023-01-26,2023-01-26T17:00:00-05:00,after_close,INTC,2023-01-26,-0.064141009763165,-0.0740951197084333,-0.0608176420628596,-0.0651810336548053,0.0033233019639395,-0.0593342318924892,10514,193,128,0.20249221183800623,0.006182233212859045,0.012174243865322428,0.01835647707818147,0.007608902415826517,0.0004755564009891573,0.0067529008940460334,0.002282670724747955,0.0019022256039566293
2023-01-31,2023-01-31T17:00:00-05:00,after_close,AMD,2023-01-31,0.1262807407994732,0.1048972616305736,0.1455754436444607,0.1063385041693334,0.1431803315735811,0.0913848542766644,9536,145,72,0.33640552995391704,0.007655201342281879,0.007550335570469799,0.015205536912751678,0.010276845637583893,0.00010486577181208053,0.004089765100671141,0.005138422818791947,0.0006291946308724832
2023-02-02,2023-02-02T17:00:00-05:00,after_close,AAPL,2023-02-02,0.0243997153687487,0.0421721359801363,0.0253942770994386,0.0312970828647772,0.0003313832728679,0.0325397516663507,8385,121,95,0.12037037037037036,0.0031007751937984496,0.011329755515802028,0.014430530709600478,0.005485986881335719,0.00035778175313059033,0.003935599284436494,0.0029815146094215863,0.0016696481812760882
2023-02-02,2023-02-02T17:30:00-05:00,after_close,AMZN,2023-02-02,-0.0843149762083984,-0.0665425555970108,-0.0956514276988027,-0.0897486219334641,-0.1299265372644997,-0.097718168871017,7634,71,70,0.0070921985815602835,0.00013099292638197538,0.009169504846738277,0.009300497773120251,0.010610427036940005,0.0013099292638197536,0.004977731202515065,0.0052397170552790145,0.0009169504846738276
2023-02-02,2023-02-02T16:30:00-05:00,after_close,GOOGL,2023-02-02,-0.0274735436071625,-0.0097011229957749,-0.0009281138871444,0.0049746918781942,-0.1181549098783043,-0.0859465414848216,8119,186,65,0.4820717131474104,0.01490331321591329,0.008005912058135238,0.02290922527404853,0.00307919694543663,0.0002463357556349304,0.00615839389087326,0.0013548466559921172,0.000615839389087326
2023-02-22,2023-02-22T16:45:00-05:00,after_close,NVDA,2023-02-22,0.1402139437535716,0.1314798215078549,0.1323600508372067,0.1334134384004531,0.0936689272558228,0.1040340362797935,8176,91,56,0.23809523809523808,0.004280821917808219,0.00684931506849315,0.01113013698630137,0.007950097847358121,0.0013454011741682974,0.005259295499021526,0.004647749510763209,0.000611545988258317
2023-03-01,2023-03-01T17:00:00-05:00,after_close,CRM,2023-03-01,0.1149685825154633,0.1066926951969355,0.0982969616895592,0.068008565102984,0.0932176088814711,0.0704842098466111,10145,224,86,0.44516129032258067,0.013602759980285855,0.008477082306554954,0.022079842286840807,0.006209955643173977,0.0007885657959586003,0.002562838836865451,0.002562838836865451,0.0006899950714637752
2023-03-09,2023-03-09T17:00:00-05:00,after_close,ORCL,2023-03-09,-0.0322320797759561,-0.0181884022056615,-0.0265913741321515,-0.042684994246535,-0.0235984738812518,-0.0719479319380107,6834,75,37,0.3392857142857143,0.00556043312847527,0.005414105940883816,0.010974539069359086,0.004097161252560726,0.001170617500731636,0.005121451565700907,0.002341235001463272,0.002341235001463272
2023-04-27,2023-04-27T17:30:00-04:00,after_close,AMZN,2023-04-27,-0.0397924126636832,-0.0466910168238907,-0.0563649832326306,-0.0533369699562036,-0.052995808696023,-0.0399476122269789,7768,116,68,0.2608695652173913,0.006179196704428424,0.008753861997940269,0.014933058702368692,0.008496395468589083,0.0011585993820803296,0.0033470648815653965,0.003733264675592173,0.0014160659114315138
2023-04-27,2023-04-27T17:00:00-04:00,after_close,INTC,2023-04-27,0.0401873174281712,0.0332887132679637,-0.0030142778655288,1.3735410898108036e-05,0.0504997891026441,0.0635479855716882,10498,210,97,0.36807817589576547,0.010763955039055058,0.009239855210516288,0.020003810249571347,0.0061916555534387505,0.0004762811964183654,0.005905886835587731,0.0020003810249571347,0.0008573061535530577
2023-05-02,2023-05-02T17:00:00-04:00,after_close,AMD,2023-05-02,-0.0922033208527272,-0.0856595537455797,-0.0007786377640672,-0.0117687282634717,0.0572794315061822,0.0502029709994626,9735,174,77,0.38645418326693226,0.009964047252182846,0.007909604519774011,0.017873651771956857,0.007909604519774011,0.00010272213662044171,0.0036979969183359015,0.0031843862352336928,0.0009244992295839754
2023-05-24,2023-05-24T16:45:00-04:00,after_close,NVDA,2023-05-24,0.2436963132668947,0.2193633889641433,0.313477983955579,0.2582089270799939,0.3023119893308703,0.2409221143628381,9397,104,57,0.2919254658385093,0.005001596254123657,0.0060657656698946474,0.011067361924018304,0.005640097903586251,0.0004256677663083963,0.005108013195700756,0.0037245929551984677,0.001383420240502288
2023-05-31,2023-05-31T17:00:00-04:00,after_close,CRM,2023-05-31,-0.0469154058183403,-0.0584674772128337,-0.0605246875851885,-0.0803816746318062,-0.0790133319447919,-0.0813986104082532,10900,176,87,0.33840304182509506,0.0081651376146789,0.007981651376146788,0.016146788990825688,0.005596330275229358,0.0008256880733944954,0.005229357798165138,0.0033027522935779817,0.0012844036697247706
2023-06-12,2023-06-12T17:00:00-04:00,after_close,ORCL,2023-06-12,0.002147231511421,-0.0055367753931765,0.0869191768053492,0.0598171979156245,0.0481833819226689,0.0290058724267749,6693,84,31,0.4608695652173913,0.007918721051845212,0.0046317047661736145,0.012550425818018825,0.006723442402510085,0.0011952786493351262,0.004781114597340505,0.0044822949350067235,0.001344688480502017
2023-07-19,2023-07-19T17:30:00-04:00,after_close,TSLA,2023-07-19,-0.0973700986000849,-0.0743180562636552,-0.0762205983062882,-0.0517942718553369,-0.0923916870145121,-0.0713102766996681,10047,136,76,0.2830188679245283,0.005971931919976112,0.007564447098636409,0.01353637901861252,0.009455558873295512,0.001293918582661491,0.005275206529312232,0.0046780133373146215,0.0004976609933313427
2023-07-25,2023-07-25T17:00:00-04:00,after_close,GOOGL,2023-07-25,0.0577694279815368,0.0610959057251874,0.0848537749285953,0.0724454393433911,0.0764260127104008,0.0658394154360988,8784,204,48,0.6190476190476191,0.017759562841530054,0.00546448087431694,0.023224043715846996,0.003870673952641166,0.0004553734061930783,0.005578324225865209,0.0028460837887067394,0.0009107468123861566
2023-07-25,2023-07-25T17:30:00-04:00,after_close,MSFT,2023-07-25,-0.0376375383405903,-0.0343110605969397,-0.0359280625477306,-0.0483363981329348,-0.0417116552184401,-0.0522982524927421,9936,119,62,0.3149171270718232,0.005736714975845411,0.006239935587761675,0.011976650563607085,0.006642512077294686,0.0013083735909822866,0.004025764895330112,0.002818035426731079,0.0014090177133655394
2023-07-27,2023-07-27T17:00:00-04:00,after_close,INTC,2023-07-27,0.065991306595176,0.0477766516140063,0.0361792956724273,0.0197968269549446,0.0092618942843938,0.0167759212383297,10202,256,85,0.501466275659824,0.016761419329543226,0.008331699666732013,0.02509311899627524,0.004410899823564007,0.000686139972554401,0.007743579690256812,0.0017643599294256027,0.0009801999607920015
2023-08-01,2023-08-01T17:00:00-04:00,after_close,AMD,2023-08-01,-0.070153062134737,-0.0482089124260809,-0.0151360442380327,0.0129472802917971,-0.0371598229072184,-0.0089721555476125,9738,145,108,0.14624505928853754,0.003799548161840214,0.011090573012939002,0.014890121174779215,0.006572191415074964,0.0,0.003799548161840214,0.003286095707537482,0.0009242144177449168
2023-08-03,2023-08-03T17:30:00-04:00,after_close,AMZN,2023-08-03,0.0826933780100627,0.0873754623620884,0.0855635595838473,0.0903524990711605,0.0748583788871677,0.0887700859441051,7620,156,53,0.49282296650717705,0.013517060367454068,0.006955380577427821,0.02047244094488189,0.005774278215223097,0.0010498687664041995,0.003674540682414698,0.0031496062992125984,0.0007874015748031496
2023-08-23,2023-08-23T17:00:00-04:00,after_close,NVDA,2023-08-23,0.0009976949470344,0.0223735045324858,-0.0059638362584839,0.0004027847410411,0.0455897457262557,0.0245934710972202,8845,117,42,0.4716981132075472,0.008479366873940079,0.004748445449406444,0.013227812323346523,0.006896551724137931,0.0005652911249293386,0.00497456189937818,0.0045223289994347085,0.001243640474844545
2023-08-30,2023-08-30T17:00:00-04:00,after_close,CRM,2023-08-30,0.0298549447116593,0.0268563611126975,0.0169736995769358,0.013762899133433,0.0348306965177549,0.0475674187168327,11550,236,51,0.6445993031358885,0.016017316017316017,0.004415584415584416,0.020432900432900435,0.003722943722943723,0.0007792207792207792,0.0024242424242424242,0.0015584415584415584,0.001645021645021645
2023-09-11,2023-09-11T17:00:00-04:00,after_close,ORCL,2023-09-11,-0.1349538392829853,-0.1238656330588569,-0.1029911371173831,-0.1037870684266889,-0.1144346661027955,-0.0991193579929455,5532,63,37,0.26,0.004699927693420101,0.006688358640636298,0.0113882863340564,0.0070498915401301515,0.0014461315979754157,0.005603759942154736,0.0041576283441793205,0.0014461315979754157
2023-10-18,2023-10-18T17:30:00-04:00,after_close,TSLA,2023-10-18,-0.0930031018073377,-0.0836464714686767,-0.1260919390483414,-0.1049014233424745,-0.1246909321744668,-0.0888321488652651,8296,111,81,0.15625,0.0036162005785920926,0.00976374156219865,0.013379942140790742,0.010607521697203472,0.00156702025072324,0.00662970106075217,0.0036162005785920926,0.0012054001928640309
2023-10-24,2023-10-24T17:30:00-04:00,after_close,MSFT,2023-10-24,0.030677775869045,0.055153721893778,-0.0021784120817867,0.0363035925182779,0.0229327621497923,0.0459329988682573,8985,150,55,0.4634146341463415,0.010573177518085699,0.006121313299944352,0.01669449081803005,0.007345575959933222,0.00044518642181413465,0.004897050639955481,0.00211463550361714,0.001001669449081803
2023-10-26,2023-10-26T17:30:00-04:00,after_close,AMZN,2023-10-26,0.0683281608245998,0.0635268014660357,0.1130718129762748,0.092091763788578,0.1547211480857377,0.0971641731498595,8829,165,55,0.5,0.012458942122550686,0.006229471061275343,0.018688413183826028,0.006342734171480349,0.0004530524408200249,0.0036244195265601993,0.0030581039755351682,0.0007928417714350436
2023-10-26,2023-10-26T17:00:00-04:00,after_close,INTC,2023-10-26,0.0928658828530124,0.0880645234944483,0.1223862401089797,0.1014061909212828,0.1592865972301773,0.1017296222942991,11098,232,60,0.589041095890411,0.015498287979816183,0.005406379527842855,0.020904667507659038,0.0052261668769147595,0.00045053162732023786,0.0038745719949540456,0.0026130834384573798,0.0015318075328888089
2023-10-31,2023-10-31T17:00:00-04:00,after_close,AMD,2023-10-31,0.0968528011728664,0.0794960276604008,0.1395939086294415,0.0915987512692995,0.1517766187638802,0.0895597894403974,9707,186,88,0.35766423357664234,0.010095807149479757,0.009065622746471618,0.019161429895951376,0.007314309261357783,0.00020603688060162769,0.00401771917173174,0.0038116822911301125,0.000721129082105697
2023-11-21,2023-11-21T17:00:00-05:00,after_close,NVDA,2023-11-21,-0.024587443108314,-0.0286804430860226,-0.0340781304187916,-0.0358800635119684,-0.036120259549656,-0.0395697633569017,9330,103,49,0.35526315789473684,0.005787781350482315,0.005251875669882101,0.011039657020364416,0.006109324758842444,0.0009646302250803858,0.004072883172561629,0.00482315112540193,0.001607717041800643
2023-11-29,2023-11-29T17:00:00-05:00,after_close,CRM,2023-11-29,0.0935530988204147,0.0960672763019487,0.0881700770523929,0.0971233707276075,0.0815279948387364,0.093739145298675,10523,196,48,0.6065573770491803,0.014064430295543096,0.004561436852608572,0.01862586714815167,0.006557065475624822,0.0005701796065760715,0.002375748360733631,0.0037061674427444646,0.0010453292787227977
2023-12-11,2023-12-11T17:00:00-05:00,after_close,ORCL,2023-12-11,-0.1243809750502218,-0.1323451000758728,-0.1287240846036677,-0.1486219983447418,-0.0879874857816291,-0.1192703441341003,7534,54,37,0.18681318681318682,0.002256437483408548,0.004911069816830369,0.007167507300238917,0.005707459516856916,0.0007963897000265463,0.005840191133528006,0.0033182904167772765,0.0013273161667109105
2024-01-24,2024-01-24T17:30:00-05:00,after_close,TSLA,2024-01-24,-0.1212529313680481,-0.1224741469737833,-0.0813165039040488,-0.0867647526298318,-0.0988308153969939,-0.0780243463350375,9886,128,75,0.26108374384236455,0.005361116730730326,0.007586485939712725,0.01294760267044305,0.012542990086991706,0.0008092251669026907,0.006170341897633017,0.00303459437588509,0.000910378312765527
2024-01-25,2024-01-25T17:00:00-05:00,after_close,INTC,2024-01-25,-0.119071624413081,-0.1131140138329724,-0.1338042910002215,-0.1313414566275758,-0.1249242933782071,-0.1144398921401093,9934,230,77,0.498371335504886,0.015401650895913025,0.007751157640426817,0.023152808536339844,0.006039863096436481,0.0006039863096436481,0.005033219247030401,0.002315280853633984,0.0018119589289309443
2024-01-30,2024-01-30T17:00:00-05:00,after_close,AMD,2024-01-30,-0.0253980889177877,-0.0058118687474459,0.0325468219398792,0.0238235070365389,-0.024293808759109,-0.0296783086236739,9568,168,86,0.3228346456692913,0.008570234113712374,0.00898829431438127,0.017558528428093644,0.005852842809364548,0.00010451505016722408,0.004285117056856187,0.0030309364548494985,0.0004180602006688963
2024-01-30,2024-01-30T16:30:00-05:00,after_close,GOOGL,2024-01-30,-0.0750033562098018,-0.05541713603946,-0.0599500433256174,-0.0686733582289578,-0.0485937480930626,-0.0539782479576275,8631,206,49,0.615686274509804,0.01819024446761673,0.0056772100567721,0.02386745452438883,0.003591704321631329,0.0003475842891901286,0.004402734329741629,0.0022013671648708146,0.0008110300081103001
2024-01-30,2024-01-30T17:30:00-05:00,after_close,MSFT,2024-01-30,-0.0269462809091466,-0.0073600607388049,0.0064367339796054,-0.0022865809237349,-0.0075870280334877,-0.0129715278980526,9388,115,53,0.36904761904761907,0.006604175543246698,0.005645504899872178,0.012249680443118876,0.006710694503621645,0.0017043033659991478,0.004367277375372816,0.002876011930123562,0.0010651896037494673
2024-02-01,2024-02-01T17:30:00-05:00,after_close,AMZN,2024-02-01,0.0786664921856183,0.0617659019271832,0.061966318387933,0.0484316094703289,0.066298327721775,0.0404378561476064,9162,184,62,0.4959349593495935,0.013315869897402313,0.006767081423270029,0.02008295132067234,0.007312813796114386,0.0003274394237066143,0.004365858982754857,0.0037109801353416285,0.0006548788474132286
2024-02-28,2024-02-28T17:00:00-05:00,after_close,CRM,2024-02-28,0.0301898897545518,0.0216205082353075,0.0496048493721659,0.0295024839599791,0.0133435959620105,0.0052566729197212,13126,219,56,0.5927272727272728,0.01241810147798263,0.004266341612067652,0.016684443090050283,0.005104373000152369,0.001066585403016913,0.002818832850830413,0.0029712021941185433,0.0014475087612372392
2024-03-11,2024-03-11T17:00:00-04:00,after_close,ORCL,2024-03-11,0.117497478580131,0.1031624660653702,0.099886029210118,0.0958849581241103,0.1197755884767848,0.1182471745086963,6671,61,29,0.35555555555555557,0.004796882026682657,0.0043471743366811574,0.009144056363363814,0.00644581022335482,0.000899415380002998,0.004946784590016489,0.00299805126667666,0.0011992205066706642
2024-04-23,2024-04-23T17:30:00-04:00,after_close,TSLA,2024-04-23,0.1206110940725275,0.117223312562068,0.163187737113452,0.1492371328954367,0.2667957427259193,0.2679250032294057,10657,132,89,0.19457013574660634,0.004034906634137187,0.008351318382283944,0.01238622501642113,0.008820493572299897,0.0010321854180350943,0.0058177723561978045,0.005067092052172281,0.0011260204560382848
2024-04-25,2024-04-25T16:30:00-04:00,after_close,GOOGL,2024-04-25,0.1022436596552529,0.0868119273603513,0.0434613585584791,0.0431315188934819,0.0680766316696666,0.062304437532217,8785,210,57,0.5730337078651685,0.017416050085372795,0.006488332384746727,0.02390438247011952,0.004780876494023904,0.0004553215708594195,0.006146841206602163,0.002390438247011952,0.000910643141718839
2024-04-25,2024-04-25T17:00:00-04:00,after_close,INTC,2024-04-25,-0.0919965286545188,-0.1074282609494203,-0.1321560546544792,-0.1324858943194763,-0.1310167792676581,-0.1367889734051076,10925,219,85,0.4407894736842105,0.012265446224256293,0.007780320366132723,0.020045766590389015,0.005675057208237987,9.153318077803204e-05,0.005034324942791762,0.002745995423340961,0.0011899313501144164
2024-04-25,2024-04-25T17:30:00-04:00,after_close,MSFT,2024-04-25,0.0182437331120761,0.0028120008171745,-0.0243333458338826,-0.0246631854988798,-0.0030072267468926,-0.0087794208843422,9279,130,63,0.3471502590673575,0.007220605668714301,0.006789524733268671,0.014010130401982972,0.007867227071882745,0.0012932428063368898,0.003771958185149262,0.003448647483565039,0.002047634443366742
2024-04-30,2024-04-30T17:00:00-04:00,after_close,AMD,2024-04-30,-0.0890895326136133,-0.0818590464862691,-0.0491223547129791,-0.0747707296158546,-0.0249400939844263,-0.061987706166119,9526,142,89,0.22943722943722944,0.0055637203443208065,0.009342851144236825,0.014906571488557632,0.008293092588704597,0.0,0.0039890825110224645,0.005248792777661138,0.0009447826999790048
2024-04-30,2024-04-30T17:30:00-04:00,after_close,AMZN,2024-04-30,0.0228571428571429,0.030087628984487,0.0640571812220982,0.0384088063192227,0.0786285400390627,0.04158092785737,8866,160,57,0.47465437788018433,0.011617414843221294,0.006429054816151591,0.018046469659372885,0.006993006993006993,0.00045116174148432213,0.00428603654410106,0.0037220843672456576,0.0010151139183397248
2024-05-22,2024-05-22T17:00:00-04:00,after_close,NVDA,2024-05-22,0.0931965608103206,0.0976949917330268,0.1995892795268294,0.1908776489504444,0.1637705380381791,0.1728990920560896,8576,130,46,0.4772727272727273,0.009794776119402986,0.005363805970149254,0.01515858208955224,0.005713619402985075,0.0003498134328358209,0.006646455223880597,0.0033815298507462684,0.0012826492537313433
2024-05-29,2024-05-29T17:00:00-04:00,after_close,CRM,2024-05-29,-0.1973713926330385,-0.1866580513950065,-0.1288565343548549,-0.1216047276182309,-0.1291879761581452,-0.1447210881021158,11145,187,59,0.5203252032520326,0.01148497083894123,0.0052938537460744724,0.016778824585015704,0.007357559443696725,0.0003589053387169134,0.002512337371018394,0.004306864064602961,0.001525347689546882
2024-06-11,2024-06-11T17:00:00-04:00,after_close,ORCL,2024-06-11,0.1331935512925799,0.120095826946295,0.1150308488094951,0.0911643204612169,0.1675817258808916,0.1308525254821615,6400,56,39,0.17894736842105263,0.00265625,0.00609375,0.00875,0.0078125,0.0021875,0.004375,0.005,0.00125
2024-07-23,2024-07-23T16:30:00-04:00,after_close,GOOGL,2024-07-23,-0.0503877474759913,-0.0145174379697669,-0.0813576938197813,-0.0446342300610456,-0.0632599057048921,-0.015217744739612,8805,200,52,0.5873015873015873,0.01680863145939807,0.005905735377626349,0.022714366837024418,0.003975014196479273,0.00034071550255536625,0.006927881885292447,0.0019307211811470755,0.0009085746734809767
2024-07-23,2024-07-23T17:30:00-04:00,after_close,TSLA,2024-07-23,-0.1233460458940368,-0.0874757363878123,-0.1078821385838397,-0.071158674825104,-0.0964364367836023,-0.0483942758183222,8893,80,82,-0.012345679012345678,-0.0002248959856066569,0.009220735409872933,0.008995839424266277,0.009558079388282919,0.002698751827279883,0.006971775553806365,0.004722815697739796,0.0017991678848532553
2024-07-30,2024-07-30T17:00:00-04:00,after_close,AMD,2024-07-30,0.043628959690962,0.0140353362971723,-0.0429066912500258,-0.0237167429452178,-0.0596649062406726,-0.0203232182201675,8489,158,81,0.32217573221757323,0.009070561903640004,0.009541759924608317,0.018612321828248322,0.005418777241135587,0.0,0.0036517846625044176,0.0029449876310519494,0.00023559901048415596
2024-07-30,2024-07-30T17:30:00-04:00,after_close,MSFT,2024-07-30,-0.010805918703557,-0.0403995420973467,-0.0341201121882247,-0.0149301638834167,-0.0551169630901621,-0.015775275069657,8951,86,51,0.25547445255474455,0.003910177633783935,0.005697687409228019,0.009607865043011954,0.00826723271142889,0.0011171936096525529,0.005362529326332253,0.003239861467992403,0.00212266785833985
2024-08-01,2024-08-01T17:30:00-04:00,after_close,AMZN,2024-08-01,-0.0878470841762542,-0.0641121710942419,-0.120280402930828,-0.0764871310553972,-0.0992557371950356,-0.0740414047245234,8307,118,63,0.30386740331491713,0.00662092211387986,0.007583965330444204,0.014204887444324065,0.006259780907668232,0.00036114120621162876,0.0034910316600457445,0.0033706512579752016,0.0007222824124232575
2024-08-01,2024-08-01T17:00:00-04:00,after_close,INTC,2024-08-01,-0.2605851455985698,-0.2368502325165575,-0.3173837650230685,-0.2735904931476377,-0.2901899744941345,-0.2649756420236223,11209,223,90,0.4249201277955272,0.01186546525113748,0.008029262200017843,0.019894727451155322,0.007315550004460701,8.92140244446427e-05,0.0077616201266839146,0.002587206708894638,0.002051922562226782
2024-08-28,2024-08-28T17:00:00-04:00,after_close,CRM,2024-08-28,-0.007299819579718,-0.0058360028552566,-0.0418692439566691,-0.0216293957100139,-0.0493625100129512,-0.0274892201786806,12119,198,50,0.5967741935483871,0.012212228731743543,0.004125752949913359,0.016337981681656902,0.0052809637758891,0.0014027560029705422,0.0033831174189289546,0.00264048188794455,0.0009076656489809391
2024-08-28,2024-08-28T17:00:00-04:00,after_close,NVDA,2024-08-28,-0.0638484986226809,-0.0623846818982195,-0.1401958316388517,-0.1199559833921966,-0.1464851428794522,-0.1246118530451816,9053,78,45,0.2682926829268293,0.0036452004860267314,0.0049707279354909975,0.008615928421517729,0.006959019109687397,0.0005523031039434442,0.004087042969181487,0.003976582348392798,0.0013255274494642659
2024-09-09,2024-09-09T17:00:00-04:00,after_close,ORCL,2024-09-09,0.1143755341724921,0.1051336929636768,0.1536206235199653,0.1123408251250626,0.2175994807957639,0.1762756661936591,7518,77,46,0.25203252032520324,0.004123437084330939,0.006118648576749135,0.010242085661080074,0.006916733173716414,0.0010641127959563714,0.005985634477254589,0.0039904229848363925,0.0010641127959563714
2024-09-12,2024-09-12T17:00:00-04:00,after_close,ADBE,2024-09-12,-0.0846986509414378,-0.0891786215081174,-0.1219332707945392,-0.1225038675466322,-0.1024805840977686,-0.1239082632263023,9234,242,39,0.7224199288256228,0.02198397227636994,0.004223521767381416,0.026207494043751355,0.004764998917045701,0.0003248862897985705,0.004331817197314273,0.0030322720381199915,0.0009746588693957114
2024-10-23,2024-10-23T17:30:00-04:00,after_close,TSLA,2024-10-23,0.219190350702904,0.2110815878281497,0.2286918664402759,0.2142762318874942,0.2054762234992355,0.1890538656564955,10063,132,76,0.2692307692307692,0.005564940872503229,0.007552419755540098,0.013117360628043327,0.008645533141210375,0.0026830964920997714,0.006558680314021664,0.0021862267713405547,0.0015899831064294942
2024-10-23,2024-10-23T17:30:00-04:00,after_close,TSLA,2024-10-23,0.219190350702904,0.2110815878281497,0.2286918664402759,0.2142762318874942,0.2054762234992355,0.1890538656564955,10063,132,76,0.2692307692307692,0.005564940872503229,0.007552419755540098,0.013117360628043327,0.008645533141210375,0.0026830964920997714,0.006558680314021664,0.0021862267713405547,0.0015899831064294942
2024-10-29,2024-10-29T17:00:00-04:00,after_close,AMD,2024-10-29,-0.1061653768209586,-0.0986077958903065,-0.1467067632460056,-0.121254796522733,-0.1479097524083646,-0.1320147462163896,9569,182,75,0.4163424124513619,0.011181941686696624,0.007837809593478942,0.019019751280175568,0.007106280698087574,0.00010450412791305256,0.003344132093217682,0.0043891733723482075,0.000731528895391368
2024-10-30,2024-10-30T17:00:00-04:00,after_close,META,2024-10-30,-0.0409259520129953,-0.0156831483111149,-0.0525853725683933,-0.0316941532348413,-0.0333728399603736,-0.0519070209597283,9258,172,51,0.5426008968609866,0.013069777489738605,0.005508749189889825,0.018578526679628428,0.006588896089868222,0.0009721322099805574,0.004752646359904947,0.004104558219917909,0.0008641175199827177
2024-10-30,2024-10-30T17:30:00-04:00,after_close,MSFT,2024-10-30,-0.0605275009940705,-0.0352846972921901,-0.0556493165639532,-0.0347580972304012,-0.0285529027576821,-0.0470870837570368,9731,135,67,0.33663366336633666,0.006987976569725619,0.006885212208406125,0.013873188778131745,0.006268626040489158,0.0017469941424314048,0.0038022813688212928,0.0027746377556263488,0.0024663446716678655
2024-10-31,2024-10-31T17:00:00-04:00,after_close,AAPL,2024-10-31,-0.013279559255068,-0.0206784785043185,-0.0108892167943762,-0.0281672506503903,0.0069496741510166,-0.0544122410090874,8411,122,61,0.3333333333333333,0.007252407561526572,0.007252407561526572,0.014504815123053145,0.007609083343240994,0.0003566757817144216,0.0061823802163833074,0.004874569016763762,0.0010700273451432648
2024-10-31,2024-10-31T17:00:00-04:00,after_close,AMZN,2024-10-31,0.0618562186525604,0.0544572994033099,0.0702790050024924,0.0530009711464782,0.1268777356742148,0.0655158205141106,8083,163,52,0.5162790697674419,0.013732525052579488,0.006433254979586787,0.020165780032166274,0.008660150934059136,0.0003711493257453916,0.0040826425831993075,0.003587776815538785,0.0012371644191513053
2024-10-31,2024-10-31T17:00:00-04:00,after_close,INTC,2024-10-31,0.0780669270185676,0.0706680077693171,0.0836430854447853,0.0663650515887712,0.2188661238050044,0.1575042086449003,10301,201,104,0.3180327868852459,0.009416561498883603,0.010096107174060771,0.019512668672944374,0.004950975633433647,0.00029123386079021456,0.006212989030191244,0.0022327929327249784,0.0022327929327249784
2024-10-31,2024-10-31T17:00:00-04:00,after_close,INTC,2024-10-31,0.0780669270185676,0.0706680077693171,0.0836430854447853,0.0663650515887712,0.2188661238050044,0.1575042086449003,11008,220,126,0.27167630057803466,0.008539244186046511,0.011446220930232558,0.01998546511627907,0.004723837209302325,0.0006359011627906977,0.005723110465116279,0.0020893895348837207,0.0029069767441860465
2024-11-20,2024-11-20T17:00:00-05:00,after_close,NVDA,2024-11-20,0.005346253805007,0.0017491724927372,-0.0676537749298356,-0.0744505150235872,-0.072314901994261,-0.0765478471029006,8555,97,52,0.30201342281879195,0.005260081823495032,0.006078316773816482,0.011338398597311514,0.007481005260081824,0.0012857977790765634,0.004909409701928697,0.004792518994739918,0.001870251315020456
2024-12-03,2024-12-03T17:00:00-05:00,after_close,CRM,2024-12-03,0.109947742780919,0.097584840148633,0.0922063342247929,0.0736136117393635,0.052469566291333,0.0452529328584039,10016,181,48,0.5807860262008734,0.013278753993610224,0.004792332268370607,0.01807108626198083,0.006888977635782748,0.0002995207667731629,0.002595846645367412,0.003993610223642172,0.0008985623003194888
2024-12-09,2024-12-09T17:00:00-05:00,after_close,ORCL,2024-12-09,-0.066736523091181,-0.0633290795424922,-0.0794432738164875,-0.0873301642997105,-0.1009187323493522,-0.1311457343478365,5084,59,32,0.2967032967032967,0.0053107789142407555,0.006294256490952006,0.011605035405192761,0.006687647521636507,0.0013768686073957514,0.004720692368214005,0.003933910306845004,0.0011801730920535012
2024-12-11,2024-12-11T17:00:00-05:00,after_close,ADBE,2024-12-11,-0.1369264975466848,-0.1304725607709028,-0.1607477225716652,-0.1763160286264614,-0.197516041248592,-0.1721348962190122,9555,237,33,0.7555555555555555,0.021350078492935635,0.003453689167974882,0.024803767660910518,0.004500261643118786,0.0004186289900575615,0.0031397174254317113,0.002511773940345369,0.0007326007326007326
2025-01-29,2025-01-29T17:00:00-05:00,after_close,META,2025-01-29,0.015536096693405,0.0112738016889353,0.0309983303691336,0.0362209860891536,0.0419519255199447,0.0303937963962201,9728,190,41,0.645021645021645,0.015316611842105263,0.004214638157894737,0.01953125,0.005550986842105263,0.0014391447368421052,0.007092927631578948,0.00390625,0.0013363486842105264
2025-01-29,2025-01-29T17:30:00-05:00,after_close,MSFT,2025-01-29,-0.0618091019886446,-0.0660713969931143,-0.0710101993890507,-0.0657875436690307,-0.0656523115176334,-0.0772104406413579,9106,131,58,0.3862433862433862,0.008016692290797276,0.006369426751592357,0.014386119042389633,0.0056007028332967276,0.0031847133757961785,0.0056007028332967276,0.002086536349659565,0.0031847133757961785
2025-01-29,2025-01-29T17:30:00-05:00,after_close,TSLA,2025-01-29,0.0287329542544569,0.0244706592499872,-0.0139296153757766,-0.0087069596557566,-0.0280904459119269,-0.0396485750356515,9927,101,94,0.035897435897435895,0.0007051475773143951,0.009469124609650449,0.010174272186964843,0.009771330714213761,0.0017125012591921024,0.009166918505087137,0.005338974513951849,0.0014102951546287902
2025-01-30,2025-01-30T17:00:00-05:00,after_close,AAPL,2025-01-30,-0.0066922340211851,-0.0052389777633511,-0.0201607334210304,-0.0228754241130469,-0.0183929698292494,-0.0309155221327647,8382,150,65,0.3953488372093023,0.01014077785731329,0.007754712479121928,0.01789549033643522,0.006680983058935815,0.00035790980672870435,0.002982581722739203,0.004772130756382725,0.000954426151276545
2025-01-30,2025-01-30T17:00:00-05:00,after_close,INTC,2025-01-30,-0.0289855031020391,-0.0275322468442051,-0.0359819742688093,-0.0386966649608259,-0.0314843108900075,-0.0440068631935228,10316,209,99,0.35714285714285715,0.010663047692904227,0.009596742923613804,0.02025979061651803,0.006107018224117875,9.693679720822024e-05,0.005913144629701435,0.0017448623497479643,0.001260178363706863
2025-02-04,2025-02-04T17:00:00-05:00,after_close,AMD,2025-02-04,-0.0626778063913767,-0.0672156659183057,-0.0999163384218094,-0.0969608908954388,-0.0702928997981497,-0.0770044486125027,8862,168,61,0.4672489082969432,0.012074023922365154,0.006883322049198826,0.018957345971563982,0.00665763935906116,0.00033852403520649965,0.004852177837959828,0.002595350936583164,0.0004513653802753329
2025-02-04,2025-02-04T16:30:00-05:00,after_close,GOOGL,2025-02-04,-0.0729237619677951,-0.0774616214947241,-0.1019479639121223,-0.0989925163857516,-0.1020448671796812,-0.1087564159940341,8961,193,52,0.5755102040816327,0.015734851021091397,0.005802923780828032,0.02153777480191943,0.005468139716549492,0.00011159468809284678,0.005133355652270952,0.003013056578506863,0.0007811628166499274
2025-02-06,2025-02-06T17:00:00-05:00,after_close,AMZN,2025-02-06,-0.0405309544879449,-0.0279175739417982,-0.0254155980307388,-0.0223755738741927,-0.0354227134321746,-0.0473186268916735,8382,150,49,0.507537688442211,0.012049630159866381,0.005845860176568838,0.01789549033643522,0.008112622285850633,0.00035790980672870435,0.004891434025292293,0.003937007874015748,0.0021474588403722263
2025-02-26,2025-02-26T17:00:00-05:00,after_close,CRM,2025-02-26,-0.040445053786121,-0.012673729048157,-0.0464322919601785,-0.0124031468158284,-0.0499788872769779,-0.0255892079405551,10929,198,46,0.6229508196721312,0.013907951322170372,0.0042089852685515605,0.018116936590721933,0.006404977582578461,0.0006404977582578461,0.0020129929545246593,0.003385488150791472,0.0010064964772623297
2025-02-26,2025-02-26T17:00:00-05:00,after_close,NVDA,2025-02-26,-0.0847806362189427,-0.0570093114809786,-0.1311700761228061,-0.0971409309784561,-0.1064899464336531,-0.0821002670972304,7974,94,47,0.3333333333333333,0.005894156007022824,0.005894156007022824,0.011788312014045649,0.007524454477050414,0.0013794833207925758,0.006019563581640331,0.004640080260847755,0.0015048908954100827
2025-03-10,2025-03-10T17:00:00-04:00,after_close,ORCL,2025-03-10,-0.0309831683310846,-0.028592859514774,-0.0075944568591079,0.0016920377495949,0.0350829628928013,0.0138445986804411,6330,50,38,0.13636363636363635,0.0018957345971563982,0.006003159557661927,0.007898894154818325,0.005687203791469194,0.001579778830963665,0.004581358609794629,0.0036334913112164298,0.0014218009478672985
2025-03-12,2025-03-12T17:00:00-04:00,after_close,ADBE,2025-03-12,-0.1385317120841188,-0.120541292441888,-0.0895121049231337,-0.1017783675994841,-0.1156178539658064,-0.1239420876865776,10415,291,51,0.7017543859649122,0.023043686989918388,0.004896783485357657,0.027940470475276043,0.0051848295727316375,0.0005760921747479596,0.005952952472395584,0.0024963994239078253,0.0006721075372059529
2025-06-12,2025-06-12T17:00:00-04:00,after_close,ADBE,2025-06-12,-0.0531812038036907,-0.0406264502326229,-0.0749371508142914,-0.0663549787947036,-0.0888609067368102,-0.0760625672213078,10791,271,34,0.7770491803278688,0.021962746733388935,0.003150773792975628,0.025113520526364563,0.005838198498748957,0.0003706792697618386,0.0034287832452970066,0.0037994625150588454,0.0009266981744045964
2025-07-23,2025-07-23T16:30:00-04:00,after_close,GOOGL,2025-07-23,0.0101982023693232,0.0080699564131265,0.0123534788686956,0.0046738266531582,0.0331178969086238,0.0256510148439388,9285,181,53,0.5470085470085471,0.013785675821217017,0.005708131394722671,0.019493807215939688,0.006138933764135703,0.0012924071082390954,0.005708131394722671,0.004631125471190092,0.0008616047388260636
2025-07-23,2025-07-23T17:30:00-04:00,after_close,TSLA,2025-07-23,-0.0819702007630127,-0.0840984467192094,-0.0209586278321854,-0.0286382800477228,-0.0406542852806274,-0.0481211673453124,8608,120,73,0.24352331606217617,0.00546003717472119,0.008480483271375464,0.013940520446096654,0.008945167286245352,0.0024395910780669145,0.010455390334572491,0.0036013011152416356,0.0018587360594795538
2025-07-24,2025-07-24T17:00:00-04:00,after_close,INTC,2025-07-24,-0.0852849522492765,-0.0876919505381258,-0.0980998407283763,-0.1020820581483853,-0.1250552376781523,-0.1250552376781523,10238,144,114,0.11627906976744186,0.0029302598163703846,0.011134987302207463,0.014065247118577847,0.007423324868138308,0.0002930259816370385,0.008302402813049423,0.0026372338347333464,0.0038093377612815004
2025-07-31,2025-07-31T17:00:00-04:00,after_close,AAPL,2025-07-31,-0.0250036231675303,-0.0053048543528053,-0.0224021076272068,-0.0140128188999821,0.0600279452954148,0.0525412809265086,8760,131,54,0.41621621621621624,0.008789954337899543,0.0061643835616438354,0.014954337899543379,0.007191780821917808,0.0009132420091324201,0.0027397260273972603,0.0036529680365296802,0.0007990867579908676
2025-08-05,2025-08-05T17:00:00-04:00,after_close,AMD,2025-08-05,-0.0641959875975832,-0.076779217234018,-0.0088922211775993,-0.0343799618592332,0.0036716160783221,-0.0316327399803746,9872,168,45,0.5774647887323944,0.012459481361426257,0.004558346839546191,0.017017828200972446,0.008002431118314425,0.0006077795786061589,0.0028363047001620746,0.004153160453808752,0.0014181523500810373
2025-10-22,2025-10-22T17:30:00-04:00,after_close,TSLA,2025-10-22,0.0228034028243133,0.0143969436091355,0.0306399347782968,-0.0066852302644848,0.0513474918154812,0.0013383516077327,9357,133,80,0.24882629107981222,0.005664208613871968,0.008549748851127498,0.014213957464999465,0.007053542802180186,0.0022443090734209684,0.004488618146841937,0.003954258843646468,0.0012824623276691247
2025-10-23,2025-10-23T17:00:00-04:00,after_close,INTC,2025-10-23,0.0031446261101835,-0.0075337335497929,0.088312341335434,0.0517242662603107,0.0524109016770772,0.0270743531723127,10081,199,85,0.4014084507042254,0.011308401944251562,0.008431703204047217,0.01974010514829878,0.006745362563237774,0.00019839301656581688,0.007538934629501041,0.0026783057236385278,0.003967860331316337
2025-10-29,2025-10-29T17:30:00-04:00,after_close,GOOGL,2025-10-29,0.0251665603754407,0.0404551337901174,0.033324667338922,0.0391286306508984,0.0354734847872795,0.0551189370327682,8693,167,43,0.5904761904761905,0.014264350626941216,0.00494650868514897,0.019210859312090187,0.004486368342344415,0.00034510525710341653,0.004486368342344415,0.002875877142528471,0.00011503508570113885
2025-10-29,2025-10-29T16:30:00-04:00,after_close,META,2025-10-29,-0.1133476408592109,-0.0980590674445341,-0.1516091241071273,-0.1458051607951509,-0.1539504667164261,-0.1343050144709373,10441,261,44,0.7114754098360656,0.020783449861124414,0.004214155732209558,0.02499760559333397,0.004788813332056317,0.001436643999616895,0.00574657599846758,0.00287328799923379,0.0008619863997701369
2025-10-29,2025-10-29T17:30:00-04:00,after_close,MSFT,2025-10-29,-0.0291569184715102,-0.0138683450568335,-0.0452771919107281,-0.0394732285987516,-0.0635027232448901,-0.0438572709994014,9711,126,65,0.3193717277486911,0.00628153640201833,0.006693440428380187,0.012974976830398516,0.009164864586551334,0.0027803521779425394,0.00535475234270415,0.00442796828338997,0.0023684481515806816
2025-10-30,2025-10-30T17:00:00-04:00,after_close,AMZN,2025-10-30,0.0958449275412924,0.0910210597392484,0.1187292768617094,0.1295910113599357,0.0905500880396383,0.1135195857542076,8775,141,37,0.5842696629213483,0.011851851851851851,0.004216524216524216,0.016068376068376067,0.00603988603988604,0.002279202279202279,0.003988603988603989,0.003190883190883191,0.0015954415954415955
2025-11-19,2025-11-19T17:00:00-05:00,after_close,NVDA,2025-11-19,-0.0315247972476904,-0.0078529807397661,-0.0212845745385297,-0.0301030455987334,-0.0335620992936274,-0.057567272714869,9643,158,49,0.5265700483091788,0.011303536243907498,0.005081406201389609,0.016384942445297108,0.006429534377268485,0.0017629368453800684,0.005911023540391994,0.003007362853883646,0.0018666390127553667
2025-12-10,2025-12-10T17:00:00-05:00,after_close,ADBE,2025-12-10,0.0212746996447072,0.024509096753985,0.023373033251379,0.0505714569627743,0.0336024207012577,0.0769414659898521,9764,263,37,0.7533333333333333,0.023146251536255633,0.003789430561245391,0.026935682097501024,0.005223269151986891,0.0007169192953707497,0.0016386726751331422,0.0024580090126997134,0.00040966816878328555
2025-12-10,2025-12-10T17:00:00-05:00,after_close,ORCL,2025-12-10,-0.1083359198770838,-0.105101522767806,-0.1707995525423232,-0.143601128830928,-0.1997668621985513,-0.1564278169099568,7853,81,44,0.296,0.004711575194193302,0.005602954284986629,0.010314529479179931,0.003947535973513307,0.0017827581815866547,0.003692856233286642,0.0025467974022666496,0.0024194575321533174
2026-01-22,2026-01-22T17:00:00-05:00,after_close,INTC,2026-01-22,-0.1702871879964567,-0.1734446431333938,-0.1912739220916901,-0.2079793104343035,-0.1041973468190466,-0.1181641824903971,10194,210,69,0.5053763440860215,0.01383166568569747,0.006768687463213655,0.020600353148911125,0.005983912105159898,9.809691975671964e-05,0.005199136747106141,0.0025505199136747108,0.004512458308809104
2026-01-28,2026-01-28T16:30:00-05:00,after_close,META,2026-01-28,0.1040480263330068,0.1100331539924537,0.0563456218136737,0.0675264743570652,0.0003888971955297,0.0437702646206432,9505,184,58,0.5206611570247934,0.013256180957390847,0.006102051551814834,0.01935823250920568,0.007364544976328248,0.001262493424513414,0.005996843766438716,0.00483955812730142,0.0010520778537611783
2026-01-28,2026-01-28T17:30:00-05:00,after_close,MSFT,2026-01-28,-0.0999314588900955,-0.0939463312306486,-0.1209642507960593,-0.1097833982526678,-0.1400244692208714,-0.0966431017957578,9733,126,62,0.3404255319148936,0.00657556765642659,0.006370081167163259,0.01294564882358985,0.006781054145689921,0.001952121648001644,0.0031850405835816293,0.002876810849686633,0.0020548648926333093
2026-01-28,2026-01-28T17:30:00-05:00,after_close,TSLA,2026-01-28,-0.0345338946636393,-0.0285487670041924,-0.0223659066601754,-0.0111850541167839,-0.0589857279782171,-0.0156043605531035,9082,115,84,0.15577889447236182,0.003413345078176613,0.009249064082801146,0.012662409160977758,0.00946927989429641,0.0007707553402334288,0.008478308742567716,0.0041841004184100415,0.0015415106804668576
2026-01-29,2026-01-29T17:00:00-05:00,after_close,AAPL,2026-01-29,0.0046461370951069,0.0166571369619044,0.0433638672352847,0.0638745341929408,0.0682592950880562,0.1197344528075931,9271,181,65,0.4715447154471545,0.012512134613310322,0.007011109912630784,0.019523244525941105,0.008305468665731851,0.0,0.005716751159529717,0.005716751159529717,0.0025887175062021357
2026-02-03,2026-02-03T17:00:00-05:00,after_close,AMD,2026-02-03,-0.1731444304789821,-0.1556753870044009,-0.1390690103013685,-0.1279258233892489,-0.1178802743140904,-0.1096891736651142,9474,125,58,0.366120218579235,0.007071986489339244,0.006122018154950391,0.013194004644289634,0.007599746675110829,0.00021110407430863416,0.002638800928857927,0.0039054253747097317,0.0008444162972345366
2026-02-04,2026-02-04T16:30:00-05:00,after_close,GOOGL,2026-02-04,-0.0053748361047742,0.0090204851807438,-0.0261830226167837,-0.0403308442253252,-0.066298367396517,-0.0784485997004417,9577,232,51,0.6395759717314488,0.018899446590790434,0.0053252584316591835,0.024224705022449618,0.0055340920956458185,0.00010441683199331732,0.003550172287772789,0.004176673279732693,0.0013574188159131252
2026-02-05,2026-02-05T17:00:00-05:00,after_close,AMZN,2026-02-05,-0.0555480487744045,-0.0766859854436839,-0.0706362906061663,-0.0948226840749724,-0.1036867218319154,-0.10973326890938,9891,167,60,0.4713656387665198,0.010817915276514002,0.006066120715802244,0.01688403599231625,0.006976038823172581,0.0010110201193003741,0.004448488524921646,0.003740774441411384,0.001213224143160449
2026-02-25,2026-02-25T17:00:00-05:00,after_close,NVDA,2026-02-25,-0.0545612100451262,-0.042496726701496,-0.0668848689613099,-0.0529554267537325,-0.0640213353354761,-0.0544054608501175,7617,109,44,0.42483660130718953,0.008533543389786005,0.005776552448470526,0.014310095838256532,0.006301693580149665,0.0009189969804384928,0.005776552448470526,0.003019561507155048,0.0032821320729946174
2026-03-10,2026-03-10T17:00:00-04:00,after_close,ORCL,2026-03-10,0.0918340039991056,0.0919656054068578,0.0382196184085568,0.0613370280252943,0.0354083964762945,0.0427467368434846,8396,107,44,0.41721854304635764,0.007503573130061935,0.005240590757503573,0.012744163887565507,0.003454025726536446,0.0020247737017627444,0.00631252977608385,0.0025011910433539782,0.0015483563601715103
2026-03-12,2026-03-12T17:00:00-04:00,after_close,ADBE,2026-03-12,-0.075839541654888,-0.0699123214467216,-0.057750766926945,-0.0678802800312963,-0.0881829394090665,-0.0810837899268164,10233,265,53,0.6666666666666666,0.02071728720805238,0.005179321802013095,0.025896609010065474,0.005179321802013095,0.0006840613700772012,0.00488615264340858,0.002638522427440633,0.0006840613700772012
2026-04-23,2026-04-23T17:00:00-04:00,after_close,INTC,2026-04-23,0.2359988383395475,0.2168713243022908,0.2656483705907058,0.2562380870155378,0.4147949248873641,0.389741899319693,8770,197,74,0.45387453874538747,0.014025085518814139,0.008437856328392246,0.022462941847206385,0.007639680729760547,0.0007981755986316989,0.005473204104903079,0.0030786773090079817,0.0014823261117445838
2026-04-29,2026-04-29T17:30:00-04:00,after_close,AMZN,2026-04-29,0.0076793983730685,-0.0016468826881081,0.0342532654932914,0.0171575644416821,0.0454302817109752,-0.006264920782665,9408,161,51,0.5188679245283019,0.0116921768707483,0.005420918367346939,0.01711309523809524,0.007971938775510204,0.00042517006802721087,0.007971938775510204,0.004570578231292517,0.002657312925170068
2026-04-29,2026-04-29T16:30:00-04:00,after_close,GOOGL,2026-04-29,0.0996170572917463,0.0902907762305695,0.0951877678370212,0.0780920667854119,0.1374522194776797,0.0857570169840393,9292,165,47,0.5566037735849056,0.012699095996556177,0.005058114507102884,0.01775721050365906,0.0049504950495049506,0.0005380972879896685,0.0035514421007318124,0.0037666810159276798,0.0013990529487731382
2026-04-29,2026-04-29T17:30:00-04:00,after_close,META,2026-04-29,-0.0855004269890719,-0.0948267080502486,-0.0877420967731029,-0.1048377978247122,-0.0840506926396879,-0.1357458951333282,10105,236,51,0.6445993031358885,0.01830776843146957,0.005047006432459178,0.02335477486392875,0.005047006432459178,0.0009896091044037606,0.005640771895101435,0.0031667491340920334,0.001781296387926769
2026-04-29,2026-04-29T17:30:00-04:00,after_close,MSFT,2026-04-29,-0.0392969736730403,-0.048623254734217,-0.0255383694922125,-0.0426340705438218,-0.0247373627763458,-0.0764325652699862,9565,143,67,0.3619047619047619,0.007945635128071093,0.007004704652378463,0.014950339780449556,0.008259278619968636,0.0014636696288552013,0.005541035023523262,0.003450078410872974,0.0020909566126502874
2026-04-30,2026-04-30T17:00:00-04:00,after_close,AAPL,2026-04-30,0.0323936276766447,0.0227939870471491,0.0472820462207284,0.0265105190050904,0.05929611870896,0.0185617211936288,8967,181,51,0.5603448275862069,0.014497602319616372,0.005687520910003346,0.02018512322961972,0.006579681052748969,0.00011152001784320286,0.006468161034905766,0.004349280695884911,0.004014720642355303
2026-05-05,2026-05-05T17:00:00-04:00,after_close,AMD,2026-05-05,0.1861453669565576,0.1653709817406849,0.2812869164241365,0.237830957246752,0.2618645392727186,0.2242624192448317,10011,155,42,0.5736040609137056,0.011287583657976226,0.004195385076415942,0.015482968734392168,0.006293077614623914,0.0,0.0022974727799420637,0.0030965937468784336,0.00079912096693637
2026-05-20,2026-05-20T17:00:00-04:00,after_close,NVDA,2026-05-20,-0.0177205189375723,-0.0196275845061489,-0.0385286516888151,-0.0625488436836169,-0.0412583388191472,-0.072738429260456,9005,107,29,0.5735294117647058,0.008661854525263742,0.0032204330927262633,0.011882287617990005,0.008661854525263742,0.0007773459189339256,0.005885619100499722,0.006551915602443087,0.001665741254858412
2026-05-27,2026-05-27T17:00:00-04:00,after_close,CRM,2026-05-27,-0.0075489274339828,-0.0159800029493251,0.1807785049948327,0.1625592918326046,0.0737986026036501,0.053564088448496,14044,159,71,0.3826086956521739,0.006266021076616349,0.005055539732270009,0.011321560808886357,0.006550840216462546,0.00021361435488464824,0.004557106237539163,0.0033466248931928225,0.0007832526345770436
2026-06-10,2026-06-10T17:00:00-04:00,after_close,ORCL,2026-06-10,-0.0852627809380172,-0.1190387130040039,-0.0428301116087002,-0.1153552927569867,-0.0880949375789664,-0.1296409114653268,8506,119,38,0.5159235668789809,0.009522689865976958,0.0044674347519398075,0.013990124617916764,0.0038796143898424643,0.0038796143898424643,0.005643075476134493,0.002468845520808841,0.0022337173759699037
2026-06-11,2026-06-11T17:00:00-04:00,after_close,ADBE,2026-06-11,-0.0675502677017817,-0.0734349436450033,-0.0524679870540195,-0.0702334086016246,-0.1080438713890526,-0.1408138390968155,11180,267,57,0.6481481481481481,0.018783542039355994,0.005098389982110913,0.023881932021466906,0.006708407871198569,0.0006261180679785331,0.005366726296958855,0.003398926654740608,0.0007155635062611807
2026-07-22,2026-07-22T17:30:00-04:00,after_close,TSLA,2026-07-22,-0.1452367741661744,-0.1262534104227776,-0.1732306806053741,-0.1402967724259795,-0.202374269311235,-0.1405326391008408,10095,91,80,0.06432748538011696,0.0010896483407627539,0.0079247152055473,0.009014363546310054,0.0062407132243685,0.0016840019811788015,0.007726597325408618,0.003368003962357603,0.0013868251609707777
2026-07-29,2026-07-29T16:30:00-04:00,after_close,META,2026-07-29,-0.0795408982183082,-0.1125150975579877,0.0079062754118359,-0.0500328886044447,0.0053961231942862,-0.0785808093530444,11295,229,35,0.7348484848484849,0.017175741478530324,0.003098716246126605,0.020274457724656927,0.006108897742363878,0.0017706949977866313,0.004603806994245241,0.0030101814962372733,0.0005312084993359894
2026-07-29,2026-07-29T17:30:00-04:00,after_close,MSFT,2026-07-29,0.155067391655117,0.1220931923154375,0.2486556781641269,0.1907165141478461,0.2481691896505871,0.1641922571032563,10535,164,53,0.511520737327189,0.010536307546274324,0.005030849549121974,0.015567157095396298,0.005125771238728049,0.0016136687233032749,0.0034171808258186996,0.0025628856193640245,0.0018984337921214998
2026-07-30,2026-07-30T17:00:00-04:00,after_close,AAPL,2026-07-30,-0.0735385844020827,-0.0800341542839834,-0.0721290562408789,-0.1310859840964335,-0.0630416439676784,-0.1085395043267805,9387,192,54,0.5609756097560976,0.014701182486417386,0.005752636625119847,0.020453819111537232,0.006604879088100564,0.0009587727708533077,0.00426121231490359,0.0043677426227761796,0.00426121231490359
2026-07-30,2026-07-30T17:00:00-04:00,after_close,AMZN,2026-07-30,0.153205887780321,0.1467103178984203,0.1780043033024814,0.1190473754469267,0.1560934597266454,0.1105955993675433,9133,123,66,0.30158730158730157,0.00624110368991569,0.00722654111463922,0.013467644804554911,0.00722654111463922,0.00131391656629804,0.004708201029234644,0.0030658053213620936,0.0014234096134895435
2026-08-26,2026-08-26T17:00:00-04:00,after_close,CRM,2026-08-26,0.2258049936045949,0.2121131075076474,0.2525046748230688,0.2449277317208287,0.2495379444575858,0.2525322017568931,14106,174,70,0.4262295081967213,0.007372749184744081,0.0049624273358854385,0.01233517652062952,0.006805614632071459,0.000708918190840777,0.004253509145044662,0.003119240039699419,0.0009215936480930101
2026-08-26,2026-08-26T17:00:00-04:00,after_close,NVDA,2026-08-26,0.0873795257094394,0.0736876396124919,0.0530382690755206,0.0454613259732805,0.0703520311958103,0.0733462884951177,8775,110,39,0.47651006711409394,0.008091168091168091,0.0044444444444444444,0.012535612535612535,0.009230769230769232,0.0006837606837606838,0.005128205128205128,0.0050142450142450145,0.002849002849002849
2026-09-10,2026-09-10T17:00:00-04:00,after_close,ADBE,2026-09-10,0.0136639226438328,0.0049295313023045,0.0358879872557869,0.0417439633835714,0.0154322079718418,0.0038193152029171,9472,255,37,0.7465753424657534,0.023015202702702704,0.00390625,0.026921452702702704,0.006756756756756757,0.0004222972972972973,0.006228885135135135,0.0029560810810810812,0.000950168918918919
2026-09-10,2026-09-10T17:00:00-04:00,after_close,ORCL,2026-09-10,-0.0173924651474257,-0.026126856488954,-0.0823198387401232,-0.0764638626123387,-0.0153655424741865,-0.0269784352431112,9134,100,61,0.2422360248447205,0.004269761331289687,0.006678344646376177,0.010948105977665865,0.004707685570396322,0.0017516969564265383,0.006678344646376177,0.002737026494416466,0.0026275454346398074
