feature,ret,n,pearson_r,pearson_p,spearman_rho,spearman_p,pearson_q,spearman_q
polarity,ret_1d,133,0.009884461276963947,0.9100940625663206,0.03895873689529453,0.6561592538555698,0.9991485542542322,0.9775400082613729
polarity,ret_3d,133,0.024108470787146428,0.7829720464162702,0.05417496107318828,0.5356965525609915,0.9501233821680581,0.9775400082613729
polarity,ret_5d,133,-0.013091469650399819,0.8811121984612382,0.015384556527163114,0.8604832892897952,0.9991485542542322,0.9886403749287009
polarity,abn_1d,133,0.0020803730423114156,0.9810395902512491,0.04030539568944939,0.6450683218894377,0.9991485542542322,0.9775400082613729
polarity,abn_3d,133,-0.002473003731682284,0.9774620411853632,0.024795865145404477,0.7769436995165321,0.9991485542542322,0.9775400082613729
polarity,abn_5d,133,-0.050150086417087764,0.5664682863554017,-0.032791651735698965,0.7078814586655492,0.8643408437802118,0.9775400082613729
net_tone,ret_1d,133,-0.04345081940428092,0.619468425623563,0.02764214164113117,0.7521270213791839,0.8680774678245581,0.9775400082613729
net_tone,ret_3d,133,-0.042064484386600334,0.630697728266857,0.03673206531791577,0.6746623317253402,0.8680774678245581,0.9775400082613729
net_tone,ret_5d,133,-0.058002178670525914,0.5072292118619933,0.011308844439636062,0.8972049369427197,0.8552169850555421,0.9943215353287126
net_tone,abn_1d,133,-0.04685939602504796,0.5922335411086637,0.029825355633086175,0.7332603101524765,0.8643408437802118,0.9775400082613729
net_tone,abn_3d,133,-0.06442992818684527,0.46124742739498853,0.011375157014158059,0.8966055061234143,0.8552169850555421,0.9943215353287126
net_tone,abn_5d,133,-0.08693901098727037,0.3197114954385405,-0.03379900913713511,0.699333592356638,0.8536094787386973,0.9775400082613729
neg_rate,ret_1d,133,-0.01441656672442689,0.8691808098715375,-0.03968297488414467,0.6501850018921901,0.9991485542542322,0.9775400082613729
neg_rate,ret_3d,133,-0.029556162622883835,0.7355782700750577,-0.045605197885686156,0.6021915557664217,0.9290103430905976,0.9775400082613729
neg_rate,ret_5d,133,0.04344911648636417,0.6194821662586976,-0.017764118520988983,0.8391756674520512,0.8680774678245581,0.9882754525083857
neg_rate,abn_1d,133,-0.0076971370782677,0.9299314379022229,-0.029562655818633644,0.735522330522954,0.9991485542542322,0.9775400082613729
neg_rate,abn_3d,133,-0.013741813631421119,0.8752528910664878,-0.02555839651095917,0.7702719262318404,0.9991485542542322,0.9775400082613729
neg_rate,abn_5d,133,0.05948167998742106,0.49643890842205474,0.02027379441828305,0.8168288249765889,0.8552169850555421,0.9882754525083857
pos_rate,ret_1d,133,-0.05479173516949711,0.5310557078899706,-0.009117990624410202,0.9170397020444057,0.8560300963002512,0.9943215353287126
pos_rate,ret_3d,133,-0.059346358470262914,0.4974207823892516,0.0035859845644533547,0.967323519897197,0.8552169850555421,0.9943215353287126
pos_rate,ret_5d,133,-0.04781052757401143,0.5847319751638852,-0.008712463209226641,0.9207170966372994,0.8643408437802118,0.9943215353287126
pos_rate,abn_1d,133,-0.05591813457790855,0.5226326019783869,-0.006110966583520795,0.9443444811842876,0.8552169850555421,0.9943215353287126
pos_rate,abn_3d,133,-0.07816152191867252,0.37118117557294183,-0.01746318372177249,0.8418642743589952,0.8536094787386973,0.9882754525083857
pos_rate,abn_5d,133,-0.07394315224371212,0.39762900678005336,-0.0469544636071026,0.5914817836122623,0.8536094787386973,0.9775400082613729
uncertainty_rate,ret_1d,133,-0.00016196227070947576,0.9985237479180439,-0.001688420166675479,0.9846113393049244,0.9991485542542322,0.9943215353287126
uncertainty_rate,ret_3d,133,0.033006420966602036,0.7060559505240096,0.042715499926708325,0.6254137970991687,0.9077862221022981,0.9775400082613729
uncertainty_rate,ret_5d,133,0.04971785437663394,0.5698220403542436,0.04959670477518331,0.5707637354916886,0.8643408437802118,0.9775400082613729
uncertainty_rate,abn_1d,133,0.0004143718822862577,0.996223099132805,0.00014792805085676397,0.9986516667584366,0.9991485542542322,0.9986516667584366
uncertainty_rate,abn_3d,133,0.041538248672872244,0.6349825922050009,0.042378836086827416,0.628143957676423,0.8680774678245581,0.9775400082613729
uncertainty_rate,abn_5d,133,0.06012844235945559,0.4917602368915377,0.05576887517300002,0.523744837528962,0.8552169850555421,0.9775400082613729
litigious_rate,ret_1d,133,0.03357108146863996,0.7012644092751631,0.0061060213450047085,0.944389447665472,0.9077862221022981,0.9943215353287126
litigious_rate,ret_3d,133,0.0030957554990200904,0.9717886359642458,-0.032200718245899936,0.7129128541473623,0.9991485542542322,0.9775400082613729
litigious_rate,ret_5d,133,-0.035191702869609764,0.6875779453376368,-0.035291987197506335,0.6867342847008217,0.9077862221022981,0.9775400082613729
litigious_rate,abn_1d,133,0.02817102408061735,0.7475426281365731,0.0028693709328029646,0.9738509007219673,0.9290103430905976,0.9943215353287126
litigious_rate,abn_3d,133,-0.00508730207293242,0.9536560728581757,-0.04148727786042047,0.6353982668013697,0.9991485542542322,0.9775400082613729
litigious_rate,abn_5d,133,-0.02708434904331697,0.7569713906664128,-0.030012344681148873,0.7316516022653489,0.9290103430905976,0.9775400082613729
modal_strong_rate,ret_1d,133,-0.06393885044901859,0.46467715254883124,-0.046202011056384135,0.5974437033929264,0.8552169850555421,0.9775400082613729
modal_strong_rate,ret_3d,133,-0.06917110902433692,0.42886325349613785,-0.041192861196337846,0.6378014985381831,0.8536094787386973,0.9775400082613729
modal_strong_rate,ret_5d,133,-0.05850385283975481,0.5035568084714904,-0.047283416117819776,0.5888839058144862,0.8552169850555421,0.9775400082613729
modal_strong_rate,abn_1d,133,-0.07046116265665593,0.42028338384654457,-0.06120395580016837,0.4840320763708205,0.8536094787386973,0.9775400082613729
modal_strong_rate,abn_3d,133,-0.0616238472829949,0.48103269219770306,-0.04286087749392963,0.624236429467686,0.8552169850555421,0.9775400082613729
modal_strong_rate,abn_5d,133,-0.056941420381898214,0.5150398199142365,-0.05799544738675787,0.5072785812196914,0.8552169850555421,0.9775400082613729
modal_weak_rate,ret_1d,133,-9.341360879605825e-05,0.9991485542542322,0.017832981579146444,0.838560691794172,0.9991485542542322,0.9882754525083857
modal_weak_rate,ret_3d,133,0.0056455074040122994,0.9485775962452107,0.024066363584214222,0.7833417434126999,0.9991485542542322,0.9775400082613729
modal_weak_rate,ret_5d,133,0.006246292799780812,0.943114044087556,0.01594052272163405,0.8554953404829273,0.9991485542542322,0.9886403749287009
modal_weak_rate,abn_1d,133,0.006971451961967743,0.9365229802676627,0.027866584201051786,0.7501804697202499,0.9991485542542322,0.9775400082613729
modal_weak_rate,abn_3d,133,-0.00019742848843467328,0.9982004812852932,0.014022559027767043,0.8727255693995551,0.9991485542542322,0.9921511736331785
modal_weak_rate,abn_5d,133,-0.004178725833969715,0.9619260647824788,-0.005238693387237814,0.9522785427363233,0.9991485542542322,0.9943215353287126
constraining_rate,ret_1d,133,-0.1287270334059558,0.13975864700348692,-0.06494806577702578,0.45764392414076255,0.7349094908422358,0.9775400082613729
constraining_rate,ret_3d,133,-0.13631313058690175,0.11769722928178601,-0.10037428347358528,0.2503285607549751,0.7349094908422358,0.8208405210490706
constraining_rate,ret_5d,133,-0.068550761726406,0.43302463427458515,-0.04403920093351282,0.6147287404369856,0.8536094787386973,0.9775400082613729
constraining_rate,abn_1d,133,-0.15258939090054666,0.07953013710421086,-0.09637002416591081,0.2698217885077739,0.7349094908422358,0.8208405210490706
constraining_rate,abn_3d,133,-0.17539544227458556,0.04345111820661763,-0.12901111373254642,0.13887946201037035,0.7349094908422358,0.6060686917475503
constraining_rate,abn_5d,133,-0.11778890952453375,0.17692265520276046,-0.08698424438741269,0.3194588186758331,0.7349094908422358,0.84150127846317
polarity_rel,ret_1d,121,0.17872428902040005,0.04983440387898528,0.2229888327774367,0.013953652781757265,0.7349094908422358,0.3461789787126245
polarity_rel,ret_3d,121,0.1845221729914014,0.04275370588625151,0.25188745389473133,0.005318399582536374,0.7349094908422358,0.2871935774569642
polarity_rel,ret_5d,121,0.1770046526136735,0.05211223670786911,0.26335612842627837,0.003516612027258848,0.7349094908422358,0.2871935774569642
polarity_rel,abn_1d,121,0.16899139635535645,0.06388805162476714,0.21855174960073068,0.01602680457002891,0.7349094908422358,0.3461789787126245
polarity_rel,abn_3d,121,0.15726236413061784,0.08494893560823415,0.2038924396856286,0.024886815301376326,0.7349094908422358,0.40982648158880564
polarity_rel,abn_5d,121,0.14014608155672928,0.12523100355664352,0.20024116055243077,0.027655199643458375,0.7349094908422358,0.40982648158880564
net_tone_rel,ret_1d,121,0.14383492075383775,0.11549738275374169,0.18295685868164382,0.04457712554288414,0.7349094908422358,0.48230075627234875
net_tone_rel,ret_3d,121,0.12538052679114997,0.17059834928847714,0.19696584800901493,0.030357517154726343,0.7349094908422358,0.40982648158880564
net_tone_rel,ret_5d,121,0.13826105292700738,0.1304427571737851,0.22155609523259193,0.014595937404376003,0.7349094908422358,0.3461789787126245
net_tone_rel,abn_1d,121,0.13865405140446607,0.12934270444188137,0.18288911695375518,0.04465747743262488,0.7349094908422358,0.48230075627234875
net_tone_rel,abn_3d,121,0.10127858135743802,0.2690099930338687,0.1516940512610356,0.09672536030351835,0.8278838414848434,0.6060686917475503
net_tone_rel,abn_5d,121,0.10842376221613184,0.2365021663943717,0.15676113250710602,0.08595972154745946,0.7740070900179437,0.6060686917475503
neg_rate_rel,ret_1d,121,-0.09918777533959715,0.2790695100340846,-0.12341526695392208,0.1774531820477328,0.8278838414848434,0.6803968667636071
neg_rate_rel,ret_3d,121,-0.12871782209030314,0.1594097220936389,-0.15450194588201982,0.09063524317292654,0.7349094908422358,0.6060686917475503
neg_rate_rel,ret_5d,121,-0.11471880588651884,0.21022414812991597,-0.16686481122169697,0.06735349879485406,0.7421381638115581,0.6060686917475503
neg_rate_rel,abn_1d,121,-0.08820563449173584,0.33601573348968655,-0.11271884812030555,0.21833620189888026,0.8536094787386973,0.7860103268359688
neg_rate_rel,abn_3d,121,-0.11402311901136855,0.21302113961257685,-0.12904460454146824,0.15834433064635536,0.7421381638115581,0.6577379888387069
neg_rate_rel,abn_5d,121,-0.09825722675576165,0.2836268716198075,-0.1393955405628527,0.12728657194224643,0.8278838414848434,0.6060686917475503
pos_rate_rel,ret_1d,121,0.12018143518307772,0.18917012183517468,0.14466584699258905,0.11338811887289288,0.7360880846506039,0.6060686917475503
pos_rate_rel,ret_3d,121,0.08263056078834015,0.3675651794786915,0.13485007062152482,0.14029367864526626,0.8536094787386973,0.6060686917475503
pos_rate_rel,ret_5d,121,0.10537682244667025,0.2500124938143044,0.15862741711043812,0.08224422817036148,0.7941573332924963,0.6060686917475503
pos_rate_rel,abn_1d,121,0.11973318814108441,0.19083765157608248,0.14940776794479396,0.10191906248108053,0.7360880846506039,0.6060686917475503
pos_rate_rel,abn_3d,121,0.06148349532371427,0.5029008408414027,0.10031533774389524,0.27361350701635684,0.8552169850555421,0.8208405210490706
pos_rate_rel,abn_5d,121,0.07829153770909086,0.39333841410678394,0.10528080639813267,0.2504467131030529,0.8536094787386973,0.8208405210490706
uncertainty_rate_rel,ret_1d,121,-0.13273485892685266,0.1466801904143747,-0.09576648071617294,0.2960689796648762,0.7349094908422358,0.8322558122273713
uncertainty_rate_rel,ret_3d,121,-0.12676926834447907,0.16587387592519495,-0.09761582988753285,0.2867969242453311,0.7349094908422358,0.8322558122273713
uncertainty_rate_rel,ret_5d,121,-0.11604793271911418,0.2049535893365284,-0.1233305897940613,0.17775302175043037,0.7421381638115581,0.6803968667636071
uncertainty_rate_rel,abn_1d,121,-0.13217219255195042,0.14841547770862867,-0.1022019448655939,0.2646466255801031,0.7349094908422358,0.8208405210490706
uncertainty_rate_rel,abn_3d,121,-0.13122067864249848,0.15138514593618435,-0.10347548934990038,0.2587078904978924,0.7349094908422358,0.8208405210490706
uncertainty_rate_rel,abn_5d,121,-0.1329399024074608,0.14605165141034018,-0.13931763757578075,0.12750140737303667,0.7349094908422358,0.6060686917475503
litigious_rate_rel,ret_1d,121,-0.015603740965732377,0.8651124947607542,-0.06001239673654779,0.5131930820528569,0.9991485542542322,0.9775400082613729
litigious_rate_rel,ret_3d,121,-0.03612207541714574,0.6940633394856377,-0.0775033108773951,0.3981337291308319,0.9077862221022981,0.9772373351393147
litigious_rate_rel,ret_5d,121,-0.05236383004683502,0.5683964085197367,-0.08349845379553991,0.362537543391296,0.8643408437802118,0.932239397291904
litigious_rate_rel,abn_1d,121,-0.01620891347858566,0.8599334372218144,-0.05936885032160568,0.5177293347636153,0.9991485542542322,0.9775400082613729
litigious_rate_rel,abn_3d,121,-0.049305352043474124,0.5912289349775682,-0.09339552024007047,0.3082428934175449,0.8643408437802118,0.8322558122273713
litigious_rate_rel,abn_5d,121,-0.044589402385166836,0.6272267858861839,-0.071223652702118,0.4375633327043578,0.8680774678245581,0.9775400082613729
modal_strong_rate_rel,ret_1d,121,-0.07690273711680258,0.4018106585256413,-0.03063958352403269,0.7386698453480419,0.8536094787386973,0.9775400082613729
modal_strong_rate_rel,ret_3d,121,-0.040289668450163144,0.6608323277669489,-0.002499669759090883,0.9782914461830319,0.892123642485381,0.9943215353287126
modal_strong_rate_rel,ret_5d,121,-0.0936208941428047,0.3070718275761311,-0.04946500970428626,0.5900268032470434,0.8536094787386973,0.9775400082613729
modal_strong_rate_rel,abn_1d,121,-0.0829263917170088,0.3658466577530866,-0.051659841687878245,0.5736148771285019,0.8536094787386973,0.9775400082613729
modal_strong_rate_rel,abn_3d,121,-0.0286652788956794,0.7549575255541,-0.001713865715582638,0.9851148544460393,0.9290103430905976,0.9943215353287126
modal_strong_rate_rel,abn_5d,121,-0.09331357408278022,0.30866941616817184,-0.05767530712438964,0.5297639529992492,0.8536094787386973,0.9775400082613729
modal_weak_rate_rel,ret_1d,121,-0.07648967136690892,0.4043512317339586,-0.02071203330195224,0.8215968215953691,0.8536094787386973,0.9882754525083857
modal_weak_rate_rel,ret_3d,121,-0.07954956362002358,0.3857569434505505,-0.035222311415699314,0.7013173498249127,0.8536094787386973,0.9775400082613729
modal_weak_rate_rel,ret_5d,121,-0.0563585628454395,0.5392170012490812,-0.060571265991629084,0.509270351893388,0.8564034725720702,0.9775400082613729
modal_weak_rate_rel,abn_1d,121,-0.07166704853011119,0.43470853083915145,-0.024762988629693013,0.7874627844327726,0.8536094787386973,0.9775400082613729
modal_weak_rate_rel,abn_3d,121,-0.08625038729268819,0.346878831282884,-0.04014036086041471,0.6620120006600266,0.8536094787386973,0.9775400082613729
modal_weak_rate_rel,abn_5d,121,-0.07872271561917389,0.3907299488232845,-0.07843475963586392,0.3924708220952828,0.8536094787386973,0.9772373351393147
constraining_rate_rel,ret_1d,121,-0.1620412828475002,0.07578118616064837,-0.14115343840156294,0.12251234545318898,0.7349094908422358,0.6060686917475503
constraining_rate_rel,ret_3d,121,-0.1502710196806697,0.09993285923021786,-0.13710925724661105,0.13370807469498436,0.7349094908422358,0.6060686917475503
constraining_rate_rel,ret_5d,121,-0.10940128200834955,0.23227782733016927,-0.09435745277608919,0.30326490895469554,0.7740070900179437,0.8322558122273713
constraining_rate_rel,abn_1d,121,-0.17475643238564526,0.05521924047247805,-0.1553927496037555,0.088768112517795,0.7349094908422358,0.6060686917475503
constraining_rate_rel,abn_3d,121,-0.1810885713432744,0.04683781382195743,-0.15853596577778847,0.08242324771602534,0.7349094908422358,0.6060686917475503
constraining_rate_rel,abn_5d,121,-0.151693221923825,0.09672720565588398,-0.121948658545133,0.18269915866800562,0.7349094908422358,0.6803968667636071
